mode,execution_ms,idle_scrapping_ms,active_interval_ms,active_fraction,n_traces,mean_delta_energy_j,std_delta_energy_j,base_dir,source_csv_list
compute,250.0,1000.0,25.0,0.1,20,0.8758447,0.10525154175265077,/home/hanan808/CarbonTracking/experiments/microbenchmark/exp1_active/intel/idles/1s_idle,/home/hanan808/CarbonTracking/experiments/microbenchmark/exp1_active/intel/idles/1s_idle/250ms_ex/25ms_actscr/exp_0/logs/exp1_active.20251118T225715Z.csv;/home/hanan808/CarbonTracking/experiments/microbenchmark/exp1_active/intel/idles/1s_idle/250ms_ex/25ms_actscr/exp_1/logs/exp1_active.20251119T200905Z.csv
compute,250.0,1000.0,250.0,1.0,20,0.9815729000000001,0.5965409683361992,/home/hanan808/CarbonTracking/experiments/microbenchmark/exp1_active/intel/idles/1s_idle,/home/hanan808/CarbonTracking/experiments/microbenchmark/exp1_active/intel/idles/1s_idle/250ms_ex/250ms_actscr/exp_0/logs/exp1_active.20251118T225251Z.csv;/home/hanan808/CarbonTracking/experiments/microbenchmark/exp1_active/intel/idles/1s_idle/250ms_ex/250ms_actscr/exp_1/logs/exp1_active.20251119T200439Z.csv
compute,250.0,1000.0,187.0,0.75,20,0.70702675,0.21725885464230804,/home/hanan808/CarbonTracking/experiments/microbenchmark/exp1_active/intel/idles/1s_idle,/home/hanan808/CarbonTracking/experiments/microbenchmark/exp1_active/intel/idles/1s_idle/250ms_ex/187ms_actscr/exp_0/logs/exp1_active.20251118T225357Z.csv;/home/hanan808/CarbonTracking/experiments/microbenchmark/exp1_active/intel/idles/1s_idle/250ms_ex/187ms_actscr/exp_1/logs/exp1_active.20251119T200546Z.csv
compute,250.0,1000.0,125.0,0.5,20,1.0166697,0.4873194313440722,/home/hanan808/CarbonTracking/experiments/microbenchmark/exp1_active/intel/idles/1s_idle,/home/hanan808/CarbonTracking/experiments/microbenchmark/exp1_active/intel/idles/1s_idle/250ms_ex/125ms_actscr/exp_0/logs/exp1_active.20251118T225503Z.csv;/home/hanan808/CarbonTracking/experiments/microbenchmark/exp1_active/intel/idles/1s_idle/250ms_ex/125ms_actscr/exp_1/logs/exp1_active.20251119T200652Z.csv
compute,250.0,1000.0,62.0,0.25,20,0.9326748000000002,0.12182841042613987,/home/hanan808/CarbonTracking/experiments/microbenchmark/exp1_active/intel/idles/1s_idle,/home/hanan808/CarbonTracking/experiments/microbenchmark/exp1_active/intel/idles/1s_idle/250ms_ex/62ms_actscr/exp_0/logs/exp1_active.20251118T225609Z.csv;/home/hanan808/CarbonTracking/experiments/microbenchmark/exp1_active/intel/idles/1s_idle/250ms_ex/62ms_actscr/exp_1/logs/exp1_active.20251119T200759Z.csv
compute,1500.0,1000.0,375.0,0.25,20,6.082793649999998,0.8446368214583878,/home/hanan808/CarbonTracking/experiments/microbenchmark/exp1_active/intel/idles/1s_idle,/home/hanan808/CarbonTracking/experiments/microbenchmark/exp1_active/intel/idles/1s_idle/1500ms_ex/375ms_actscr/exp_0/logs/exp1_active.20251118T231429Z.csv;/home/hanan808/CarbonTracking/experiments/microbenchmark/exp1_active/intel/idles/1s_idle/1500ms_ex/375ms_actscr/exp_1/logs/exp1_active.20251119T202619Z.csv
compute,1500.0,1000.0,1125.0,0.75,20,6.178570500000001,2.2111328805921526,/home/hanan808/CarbonTracking/experiments/microbenchmark/exp1_active/intel/idles/1s_idle,/home/hanan808/CarbonTracking/experiments/microbenchmark/exp1_active/intel/idles/1s_idle/1500ms_ex/1125ms_actscr/exp_0/logs/exp1_active.20251118T231151Z.csv;/home/hanan808/CarbonTracking/experiments/microbenchmark/exp1_active/intel/idles/1s_idle/1500ms_ex/1125ms_actscr/exp_1/logs/exp1_active.20251119T202340Z.csv
compute,1500.0,1000.0,1500.0,1.0,20,5.370016300000001,1.7735659411436648,/home/hanan808/CarbonTracking/experiments/microbenchmark/exp1_active/intel/idles/1s_idle,/home/hanan808/CarbonTracking/experiments/microbenchmark/exp1_active/intel/idles/1s_idle/1500ms_ex/1500ms_actscr/exp_0/logs/exp1_active.20251118T231031Z.csv;/home/hanan808/CarbonTracking/experiments/microbenchmark/exp1_active/intel/idles/1s_idle/1500ms_ex/1500ms_actscr/exp_1/logs/exp1_active.20251119T202221Z.csv
compute,1500.0,1000.0,750.0,0.5,20,8.482420700000002,9.824900076457459,/home/hanan808/CarbonTracking/experiments/microbenchmark/exp1_active/intel/idles/1s_idle,/home/hanan808/CarbonTracking/experiments/microbenchmark/exp1_active/intel/idles/1s_idle/1500ms_ex/750ms_actscr/exp_0/logs/exp1_active.20251118T231310Z.csv;/home/hanan808/CarbonTracking/experiments/microbenchmark/exp1_active/intel/idles/1s_idle/1500ms_ex/750ms_actscr/exp_1/logs/exp1_active.20251119T202500Z.csv
compute,1500.0,1000.0,150.0,0.1,20,6.0632653,0.4570908815487475,/home/hanan808/CarbonTracking/experiments/microbenchmark/exp1_active/intel/idles/1s_idle,/home/hanan808/CarbonTracking/experiments/microbenchmark/exp1_active/intel/idles/1s_idle/1500ms_ex/150ms_actscr/exp_0/logs/exp1_active.20251118T231548Z.csv;/home/hanan808/CarbonTracking/experiments/microbenchmark/exp1_active/intel/idles/1s_idle/1500ms_ex/150ms_actscr/exp_1/logs/exp1_active.20251119T202738Z.csv
compute,500.0,1000.0,375.0,0.75,20,1.8543757499999998,0.5204515261225461,/home/hanan808/CarbonTracking/experiments/microbenchmark/exp1_active/intel/idles/1s_idle,/home/hanan808/CarbonTracking/experiments/microbenchmark/exp1_active/intel/idles/1s_idle/500ms_ex/375ms_actscr/exp_0/logs/exp1_active.20251118T225933Z.csv;/home/hanan808/CarbonTracking/experiments/microbenchmark/exp1_active/intel/idles/1s_idle/500ms_ex/375ms_actscr/exp_1/logs/exp1_active.20251119T201123Z.csv
compute,500.0,1000.0,500.0,1.0,20,3.9602266999999998,6.288210795632984,/home/hanan808/CarbonTracking/experiments/microbenchmark/exp1_active/intel/idles/1s_idle,/home/hanan808/CarbonTracking/experiments/microbenchmark/exp1_active/intel/idles/1s_idle/500ms_ex/500ms_actscr/exp_0/logs/exp1_active.20251118T225824Z.csv;/home/hanan808/CarbonTracking/experiments/microbenchmark/exp1_active/intel/idles/1s_idle/500ms_ex/500ms_actscr/exp_1/logs/exp1_active.20251119T201014Z.csv
compute,500.0,1000.0,50.0,0.1,20,2.0130709500000004,0.1540525532100895,/home/hanan808/CarbonTracking/experiments/microbenchmark/exp1_active/intel/idles/1s_idle,/home/hanan808/CarbonTracking/experiments/microbenchmark/exp1_active/intel/idles/1s_idle/500ms_ex/50ms_actscr/exp_0/logs/exp1_active.20251118T230301Z.csv;/home/hanan808/CarbonTracking/experiments/microbenchmark/exp1_active/intel/idles/1s_idle/500ms_ex/50ms_actscr/exp_1/logs/exp1_active.20251119T201451Z.csv
compute,500.0,1000.0,250.0,0.5,20,2.06053935,0.617605589102242,/home/hanan808/CarbonTracking/experiments/microbenchmark/exp1_active/intel/idles/1s_idle,/home/hanan808/CarbonTracking/experiments/microbenchmark/exp1_active/intel/idles/1s_idle/500ms_ex/250ms_actscr/exp_0/logs/exp1_active.20251118T230043Z.csv;/home/hanan808/CarbonTracking/experiments/microbenchmark/exp1_active/intel/idles/1s_idle/500ms_ex/250ms_actscr/exp_1/logs/exp1_active.20251119T201232Z.csv
compute,500.0,1000.0,125.0,0.25,20,2.0808132,0.4854062901959145,/home/hanan808/CarbonTracking/experiments/microbenchmark/exp1_active/intel/idles/1s_idle,/home/hanan808/CarbonTracking/experiments/microbenchmark/exp1_active/intel/idles/1s_idle/500ms_ex/125ms_actscr/exp_0/logs/exp1_active.20251118T230152Z.csv;/home/hanan808/CarbonTracking/experiments/microbenchmark/exp1_active/intel/idles/1s_idle/500ms_ex/125ms_actscr/exp_1/logs/exp1_active.20251119T201341Z.csv
compute,1000.0,1000.0,100.0,0.1,20,4.0665651,0.4202828346693338,/home/hanan808/CarbonTracking/experiments/microbenchmark/exp1_active/intel/idles/1s_idle,/home/hanan808/CarbonTracking/experiments/microbenchmark/exp1_active/intel/idles/1s_idle/1000ms_ex/100ms_actscr/exp_0/logs/exp1_active.20251118T230912Z.csv;/home/hanan808/CarbonTracking/experiments/microbenchmark/exp1_active/intel/idles/1s_idle/1000ms_ex/100ms_actscr/exp_1/logs/exp1_active.20251119T202102Z.csv
compute,1000.0,1000.0,500.0,0.5,20,4.043436399999999,1.2796214528991527,/home/hanan808/CarbonTracking/experiments/microbenchmark/exp1_active/intel/idles/1s_idle,/home/hanan808/CarbonTracking/experiments/microbenchmark/exp1_active/intel/idles/1s_idle/1000ms_ex/500ms_actscr/exp_0/logs/exp1_active.20251118T230644Z.csv;/home/hanan808/CarbonTracking/experiments/microbenchmark/exp1_active/intel/idles/1s_idle/1000ms_ex/500ms_actscr/exp_1/logs/exp1_active.20251119T201833Z.csv
compute,1000.0,1000.0,250.0,0.25,20,3.882815449999999,0.4613319572085233,/home/hanan808/CarbonTracking/experiments/microbenchmark/exp1_active/intel/idles/1s_idle,/home/hanan808/CarbonTracking/experiments/microbenchmark/exp1_active/intel/idles/1s_idle/1000ms_ex/250ms_actscr/exp_0/logs/exp1_active.20251118T230758Z.csv;/home/hanan808/CarbonTracking/experiments/microbenchmark/exp1_active/intel/idles/1s_idle/1000ms_ex/250ms_actscr/exp_1/logs/exp1_active.20251119T201948Z.csv
compute,1000.0,1000.0,750.0,0.75,20,4.076255399999999,1.596765955446208,/home/hanan808/CarbonTracking/experiments/microbenchmark/exp1_active/intel/idles/1s_idle,/home/hanan808/CarbonTracking/experiments/microbenchmark/exp1_active/intel/idles/1s_idle/1000ms_ex/750ms_actscr/exp_0/logs/exp1_active.20251118T230529Z.csv;/home/hanan808/CarbonTracking/experiments/microbenchmark/exp1_active/intel/idles/1s_idle/1000ms_ex/750ms_actscr/exp_1/logs/exp1_active.20251119T201719Z.csv
compute,1000.0,1000.0,1000.0,1.0,20,4.01587785,1.8945267168057642,/home/hanan808/CarbonTracking/experiments/microbenchmark/exp1_active/intel/idles/1s_idle,/home/hanan808/CarbonTracking/experiments/microbenchmark/exp1_active/intel/idles/1s_idle/1000ms_ex/1000ms_actscr/exp_0/logs/exp1_active.20251118T230415Z.csv;/home/hanan808/CarbonTracking/experiments/microbenchmark/exp1_active/intel/idles/1s_idle/1000ms_ex/1000ms_actscr/exp_1/logs/exp1_active.20251119T201605Z.csv
compute,2000.0,1000.0,500.0,0.25,20,8.080030299999999,1.388040369416181,/home/hanan808/CarbonTracking/experiments/microbenchmark/exp1_active/intel/idles/1s_idle,/home/hanan808/CarbonTracking/experiments/microbenchmark/exp1_active/intel/idles/1s_idle/2000ms_ex/500ms_actscr/exp_0/logs/exp1_active.20251118T232125Z.csv;/home/hanan808/CarbonTracking/experiments/microbenchmark/exp1_active/intel/idles/1s_idle/2000ms_ex/500ms_actscr/exp_1/logs/exp1_active.20251119T203315Z.csv
compute,2000.0,1000.0,200.0,0.1,20,8.023007549999999,0.6057471027236089,/home/hanan808/CarbonTracking/experiments/microbenchmark/exp1_active/intel/idles/1s_idle,/home/hanan808/CarbonTracking/experiments/microbenchmark/exp1_active/intel/idles/1s_idle/2000ms_ex/200ms_actscr/exp_0/logs/exp1_active.20251118T232250Z.csv;/home/hanan808/CarbonTracking/experiments/microbenchmark/exp1_active/intel/idles/1s_idle/2000ms_ex/200ms_actscr/exp_1/logs/exp1_active.20251119T203439Z.csv
compute,2000.0,1000.0,2000.0,1.0,20,8.1770066,4.7256155471825,/home/hanan808/CarbonTracking/experiments/microbenchmark/exp1_active/intel/idles/1s_idle,/home/hanan808/CarbonTracking/experiments/microbenchmark/exp1_active/intel/idles/1s_idle/2000ms_ex/2000ms_actscr/exp_0/logs/exp1_active.20251118T231712Z.csv;/home/hanan808/CarbonTracking/experiments/microbenchmark/exp1_active/intel/idles/1s_idle/2000ms_ex/2000ms_actscr/exp_1/logs/exp1_active.20251119T202902Z.csv
compute,2000.0,1000.0,1500.0,0.75,20,7.41890325,1.9657365401669127,/home/hanan808/CarbonTracking/experiments/microbenchmark/exp1_active/intel/idles/1s_idle,/home/hanan808/CarbonTracking/experiments/microbenchmark/exp1_active/intel/idles/1s_idle/2000ms_ex/1500ms_actscr/exp_0/logs/exp1_active.20251118T231837Z.csv;/home/hanan808/CarbonTracking/experiments/microbenchmark/exp1_active/intel/idles/1s_idle/2000ms_ex/1500ms_actscr/exp_1/logs/exp1_active.20251119T203027Z.csv
compute,2000.0,1000.0,1000.0,0.5,20,7.7619564,1.6568888823372074,/home/hanan808/CarbonTracking/experiments/microbenchmark/exp1_active/intel/idles/1s_idle,/home/hanan808/CarbonTracking/experiments/microbenchmark/exp1_active/intel/idles/1s_idle/2000ms_ex/1000ms_actscr/exp_0/logs/exp1_active.20251118T232001Z.csv;/home/hanan808/CarbonTracking/experiments/microbenchmark/exp1_active/intel/idles/1s_idle/2000ms_ex/1000ms_actscr/exp_1/logs/exp1_active.20251119T203151Z.csv
compute,250.0,2500.0,25.0,0.1,10,0.8557609999999999,0.07130948455149558,/home/hanan808/CarbonTracking/experiments/microbenchmark/exp1_active/intel/idles/2.5s_idle,/home/hanan808/CarbonTracking/experiments/microbenchmark/exp1_active/intel/idles/2.5s_idle/250ms_ex/25ms_actscr/exp_0/logs/exp1_active.20251118T214707Z.csv
compute,250.0,2500.0,250.0,1.0,20,0.9799828999999999,0.540432343491292,/home/hanan808/CarbonTracking/experiments/microbenchmark/exp1_active/intel/idles/2.5s_idle,/home/hanan808/CarbonTracking/experiments/microbenchmark/exp1_active/intel/idles/2.5s_idle/250ms_ex/250ms_actscr/exp_0/logs/exp1_active.20251118T214028Z.csv;/home/hanan808/CarbonTracking/experiments/microbenchmark/exp1_active/intel/idles/2.5s_idle/250ms_ex/250ms_actscr/exp_1/logs/exp1_active.20251119T212658Z.csv
compute,250.0,2500.0,187.0,0.75,20,0.9023390999999998,0.37135345236888545,/home/hanan808/CarbonTracking/experiments/microbenchmark/exp1_active/intel/idles/2.5s_idle,/home/hanan808/CarbonTracking/experiments/microbenchmark/exp1_active/intel/idles/2.5s_idle/250ms_ex/187ms_actscr/exp_0/logs/exp1_active.20251118T214207Z.csv;/home/hanan808/CarbonTracking/experiments/microbenchmark/exp1_active/intel/idles/2.5s_idle/250ms_ex/187ms_actscr/exp_1/logs/exp1_active.20251119T212838Z.csv
compute,250.0,2500.0,125.0,0.5,20,0.8974699000000002,0.15485405932390026,/home/hanan808/CarbonTracking/experiments/microbenchmark/exp1_active/intel/idles/2.5s_idle,/home/hanan808/CarbonTracking/experiments/microbenchmark/exp1_active/intel/idles/2.5s_idle/250ms_ex/125ms_actscr/exp_0/logs/exp1_active.20251118T214347Z.csv;/home/hanan808/CarbonTracking/experiments/microbenchmark/exp1_active/intel/idles/2.5s_idle/250ms_ex/125ms_actscr/exp_1/logs/exp1_active.20251119T213018Z.csv
compute,250.0,2500.0,62.0,0.25,20,0.9079576999999999,0.19886025512080077,/home/hanan808/CarbonTracking/experiments/microbenchmark/exp1_active/intel/idles/2.5s_idle,/home/hanan808/CarbonTracking/experiments/microbenchmark/exp1_active/intel/idles/2.5s_idle/250ms_ex/62ms_actscr/exp_0/logs/exp1_active.20251118T214528Z.csv;/home/hanan808/CarbonTracking/experiments/microbenchmark/exp1_active/intel/idles/2.5s_idle/250ms_ex/62ms_actscr/exp_1/logs/exp1_active.20251119T213157Z.csv
compute,1500.0,2500.0,375.0,0.25,10,7.285269099999999,1.847897298433569,/home/hanan808/CarbonTracking/experiments/microbenchmark/exp1_active/intel/idles/2.5s_idle,/home/hanan808/CarbonTracking/experiments/microbenchmark/exp1_active/intel/idles/2.5s_idle/1500ms_ex/375ms_actscr/exp_0/logs/exp1_active.20251118T221214Z.csv
compute,1500.0,2500.0,1125.0,0.75,10,4.4128955,0.8963980418555421,/home/hanan808/CarbonTracking/experiments/microbenchmark/exp1_active/intel/idles/2.5s_idle,/home/hanan808/CarbonTracking/experiments/microbenchmark/exp1_active/intel/idles/2.5s_idle/1500ms_ex/1125ms_actscr/exp_0/logs/exp1_active.20251118T220824Z.csv
compute,1500.0,2500.0,1500.0,1.0,10,5.353020900000001,2.0506584875377194,/home/hanan808/CarbonTracking/experiments/microbenchmark/exp1_active/intel/idles/2.5s_idle,/home/hanan808/CarbonTracking/experiments/microbenchmark/exp1_active/intel/idles/2.5s_idle/1500ms_ex/1500ms_actscr/exp_0/logs/exp1_active.20251118T220632Z.csv
compute,1500.0,2500.0,750.0,0.5,10,10.7341789,0.3692267088585172,/home/hanan808/CarbonTracking/experiments/microbenchmark/exp1_active/intel/idles/2.5s_idle,/home/hanan808/CarbonTracking/experiments/microbenchmark/exp1_active/intel/idles/2.5s_idle/1500ms_ex/750ms_actscr/exp_0/logs/exp1_active.20251118T221016Z.csv
compute,1500.0,2500.0,150.0,0.1,10,6.004690300000002,0.6298240257276692,/home/hanan808/CarbonTracking/experiments/microbenchmark/exp1_active/intel/idles/2.5s_idle,/home/hanan808/CarbonTracking/experiments/microbenchmark/exp1_active/intel/idles/2.5s_idle/1500ms_ex/150ms_actscr/exp_0/logs/exp1_active.20251118T221406Z.csv
compute,500.0,2500.0,375.0,0.75,10,1.7217402999999998,0.7556211411382094,/home/hanan808/CarbonTracking/experiments/microbenchmark/exp1_active/intel/idles/2.5s_idle,/home/hanan808/CarbonTracking/experiments/microbenchmark/exp1_active/intel/idles/2.5s_idle/500ms_ex/375ms_actscr/exp_0/logs/exp1_active.20251118T215032Z.csv
compute,500.0,2500.0,500.0,1.0,10,1.4167485999999996,0.44773305535445984,/home/hanan808/CarbonTracking/experiments/microbenchmark/exp1_active/intel/idles/2.5s_idle,/home/hanan808/CarbonTracking/experiments/microbenchmark/exp1_active/intel/idles/2.5s_idle/500ms_ex/500ms_actscr/exp_0/logs/exp1_active.20251118T214850Z.csv
compute,500.0,2500.0,50.0,0.1,10,2.0497368000000002,0.1407355404919451,/home/hanan808/CarbonTracking/experiments/microbenchmark/exp1_active/intel/idles/2.5s_idle,/home/hanan808/CarbonTracking/experiments/microbenchmark/exp1_active/intel/idles/2.5s_idle/500ms_ex/50ms_actscr/exp_0/logs/exp1_active.20251118T215539Z.csv
compute,500.0,2500.0,250.0,0.5,10,1.7171765,0.32340227194416854,/home/hanan808/CarbonTracking/experiments/microbenchmark/exp1_active/intel/idles/2.5s_idle,/home/hanan808/CarbonTracking/experiments/microbenchmark/exp1_active/intel/idles/2.5s_idle/500ms_ex/250ms_actscr/exp_0/logs/exp1_active.20251118T215214Z.csv
compute,500.0,2500.0,125.0,0.25,10,1.7951774000000005,0.14071853353854968,/home/hanan808/CarbonTracking/experiments/microbenchmark/exp1_active/intel/idles/2.5s_idle,/home/hanan808/CarbonTracking/experiments/microbenchmark/exp1_active/intel/idles/2.5s_idle/500ms_ex/125ms_actscr/exp_0/logs/exp1_active.20251118T215357Z.csv
compute,1000.0,2500.0,100.0,0.1,10,3.7366472000000015,0.16995675004588617,/home/hanan808/CarbonTracking/experiments/microbenchmark/exp1_active/intel/idles/2.5s_idle,/home/hanan808/CarbonTracking/experiments/microbenchmark/exp1_active/intel/idles/2.5s_idle/1000ms_ex/100ms_actscr/exp_0/logs/exp1_active.20251118T220439Z.csv
compute,1000.0,2500.0,500.0,0.5,10,4.8033235,1.996244327948272,/home/hanan808/CarbonTracking/experiments/microbenchmark/exp1_active/intel/idles/2.5s_idle,/home/hanan808/CarbonTracking/experiments/microbenchmark/exp1_active/intel/idles/2.5s_idle/1000ms_ex/500ms_actscr/exp_0/logs/exp1_active.20251118T220105Z.csv
compute,1000.0,2500.0,250.0,0.25,10,4.2086192,0.4398368235379571,/home/hanan808/CarbonTracking/experiments/microbenchmark/exp1_active/intel/idles/2.5s_idle,/home/hanan808/CarbonTracking/experiments/microbenchmark/exp1_active/intel/idles/2.5s_idle/1000ms_ex/250ms_actscr/exp_0/logs/exp1_active.20251118T220252Z.csv
compute,1000.0,2500.0,750.0,0.75,10,4.1344555000000005,1.9178324920506105,/home/hanan808/CarbonTracking/experiments/microbenchmark/exp1_active/intel/idles/2.5s_idle,/home/hanan808/CarbonTracking/experiments/microbenchmark/exp1_active/intel/idles/2.5s_idle/1000ms_ex/750ms_actscr/exp_0/logs/exp1_active.20251118T215913Z.csv
compute,1000.0,2500.0,1000.0,1.0,10,3.601601399999999,0.9748542113079463,/home/hanan808/CarbonTracking/experiments/microbenchmark/exp1_active/intel/idles/2.5s_idle,/home/hanan808/CarbonTracking/experiments/microbenchmark/exp1_active/intel/idles/2.5s_idle/1000ms_ex/1000ms_actscr/exp_0/logs/exp1_active.20251118T215726Z.csv
compute,2000.0,2500.0,500.0,0.25,10,8.606250400000002,1.6220817076144007,/home/hanan808/CarbonTracking/experiments/microbenchmark/exp1_active/intel/idles/2.5s_idle,/home/hanan808/CarbonTracking/experiments/microbenchmark/exp1_active/intel/idles/2.5s_idle/2000ms_ex/500ms_actscr/exp_0/logs/exp1_active.20251118T222156Z.csv
compute,2000.0,2500.0,200.0,0.1,10,8.436938600000001,1.1124135311598096,/home/hanan808/CarbonTracking/experiments/microbenchmark/exp1_active/intel/idles/2.5s_idle,/home/hanan808/CarbonTracking/experiments/microbenchmark/exp1_active/intel/idles/2.5s_idle/2000ms_ex/200ms_actscr/exp_0/logs/exp1_active.20251118T222353Z.csv
compute,2000.0,2500.0,2000.0,1.0,10,7.1309084999999985,3.6390592567058393,/home/hanan808/CarbonTracking/experiments/microbenchmark/exp1_active/intel/idles/2.5s_idle,/home/hanan808/CarbonTracking/experiments/microbenchmark/exp1_active/intel/idles/2.5s_idle/2000ms_ex/2000ms_actscr/exp_0/logs/exp1_active.20251118T221603Z.csv
compute,2000.0,2500.0,1500.0,0.75,10,9.0152178,3.770938308101681,/home/hanan808/CarbonTracking/experiments/microbenchmark/exp1_active/intel/idles/2.5s_idle,/home/hanan808/CarbonTracking/experiments/microbenchmark/exp1_active/intel/idles/2.5s_idle/2000ms_ex/1500ms_actscr/exp_0/logs/exp1_active.20251118T221801Z.csv
compute,2000.0,2500.0,1000.0,0.5,10,6.929570099999999,1.7119521293920843,/home/hanan808/CarbonTracking/experiments/microbenchmark/exp1_active/intel/idles/2.5s_idle,/home/hanan808/CarbonTracking/experiments/microbenchmark/exp1_active/intel/idles/2.5s_idle/2000ms_ex/1000ms_actscr/exp_0/logs/exp1_active.20251118T221958Z.csv
compute,250.0,2000.0,25.0,0.1,20,0.9357146000000001,0.1394237308919825,/home/hanan808/CarbonTracking/experiments/microbenchmark/exp1_active/intel/idles/2s_idle,/home/hanan808/CarbonTracking/experiments/microbenchmark/exp1_active/intel/idles/2s_idle/250ms_ex/25ms_actscr/exp_0/logs/exp1_active.20251119T042503Z.csv;/home/hanan808/CarbonTracking/experiments/microbenchmark/exp1_active/intel/idles/2s_idle/250ms_ex/25ms_actscr/exp_1/logs/exp1_active.20251119T205133Z.csv
compute,250.0,2000.0,250.0,1.0,20,1.0090643999999998,0.8847639876977589,/home/hanan808/CarbonTracking/experiments/microbenchmark/exp1_active/intel/idles/2s_idle,/home/hanan808/CarbonTracking/experiments/microbenchmark/exp1_active/intel/idles/2s_idle/250ms_ex/250ms_actscr/exp_0/logs/exp1_active.20251119T041908Z.csv;/home/hanan808/CarbonTracking/experiments/microbenchmark/exp1_active/intel/idles/2s_idle/250ms_ex/250ms_actscr/exp_1/logs/exp1_active.20251119T204540Z.csv
compute,250.0,2000.0,187.0,0.75,20,0.7102655,0.1818176482205454,/home/hanan808/CarbonTracking/experiments/microbenchmark/exp1_active/intel/idles/2s_idle,/home/hanan808/CarbonTracking/experiments/microbenchmark/exp1_active/intel/idles/2s_idle/250ms_ex/187ms_actscr/exp_0/logs/exp1_active.20251119T042036Z.csv;/home/hanan808/CarbonTracking/experiments/microbenchmark/exp1_active/intel/idles/2s_idle/250ms_ex/187ms_actscr/exp_1/logs/exp1_active.20251119T204708Z.csv
compute,250.0,2000.0,125.0,0.5,20,0.8870093499999999,0.23119719465605015,/home/hanan808/CarbonTracking/experiments/microbenchmark/exp1_active/intel/idles/2s_idle,/home/hanan808/CarbonTracking/experiments/microbenchmark/exp1_active/intel/idles/2s_idle/250ms_ex/125ms_actscr/exp_0/logs/exp1_active.20251119T042206Z.csv;/home/hanan808/CarbonTracking/experiments/microbenchmark/exp1_active/intel/idles/2s_idle/250ms_ex/125ms_actscr/exp_1/logs/exp1_active.20251119T204836Z.csv
compute,250.0,2000.0,62.0,0.25,20,0.9437161999999997,0.20280497324784735,/home/hanan808/CarbonTracking/experiments/microbenchmark/exp1_active/intel/idles/2s_idle,/home/hanan808/CarbonTracking/experiments/microbenchmark/exp1_active/intel/idles/2s_idle/250ms_ex/62ms_actscr/exp_0/logs/exp1_active.20251119T042335Z.csv;/home/hanan808/CarbonTracking/experiments/microbenchmark/exp1_active/intel/idles/2s_idle/250ms_ex/62ms_actscr/exp_1/logs/exp1_active.20251119T205004Z.csv
compute,1500.0,2000.0,375.0,0.25,20,5.6718268,0.6980740828710518,/home/hanan808/CarbonTracking/experiments/microbenchmark/exp1_active/intel/idles/2s_idle,/home/hanan808/CarbonTracking/experiments/microbenchmark/exp1_active/intel/idles/2s_idle/1500ms_ex/375ms_actscr/exp_0/logs/exp1_active.20251119T044727Z.csv;/home/hanan808/CarbonTracking/experiments/microbenchmark/exp1_active/intel/idles/2s_idle/1500ms_ex/375ms_actscr/exp_1/logs/exp1_active.20251119T211403Z.csv
compute,1500.0,2000.0,1125.0,0.75,20,4.998943999999999,2.087827426234123,/home/hanan808/CarbonTracking/experiments/microbenchmark/exp1_active/intel/idles/2s_idle,/home/hanan808/CarbonTracking/experiments/microbenchmark/exp1_active/intel/idles/2s_idle/1500ms_ex/1125ms_actscr/exp_0/logs/exp1_active.20251119T044403Z.csv;/home/hanan808/CarbonTracking/experiments/microbenchmark/exp1_active/intel/idles/2s_idle/1500ms_ex/1125ms_actscr/exp_1/logs/exp1_active.20251119T211041Z.csv
compute,1500.0,2000.0,1500.0,1.0,20,5.292546199999999,2.5450511798564803,/home/hanan808/CarbonTracking/experiments/microbenchmark/exp1_active/intel/idles/2s_idle,/home/hanan808/CarbonTracking/experiments/microbenchmark/exp1_active/intel/idles/2s_idle/1500ms_ex/1500ms_actscr/exp_0/logs/exp1_active.20251119T044222Z.csv;/home/hanan808/CarbonTracking/experiments/microbenchmark/exp1_active/intel/idles/2s_idle/1500ms_ex/1500ms_actscr/exp_1/logs/exp1_active.20251119T210859Z.csv
compute,1500.0,2000.0,750.0,0.5,20,5.337203350000001,1.0461004466733719,/home/hanan808/CarbonTracking/experiments/microbenchmark/exp1_active/intel/idles/2s_idle,/home/hanan808/CarbonTracking/experiments/microbenchmark/exp1_active/intel/idles/2s_idle/1500ms_ex/750ms_actscr/exp_0/logs/exp1_active.20251119T044545Z.csv;/home/hanan808/CarbonTracking/experiments/microbenchmark/exp1_active/intel/idles/2s_idle/1500ms_ex/750ms_actscr/exp_1/logs/exp1_active.20251119T211222Z.csv
compute,1500.0,2000.0,150.0,0.1,20,6.060339699999998,0.8876996717094755,/home/hanan808/CarbonTracking/experiments/microbenchmark/exp1_active/intel/idles/2s_idle,/home/hanan808/CarbonTracking/experiments/microbenchmark/exp1_active/intel/idles/2s_idle/1500ms_ex/150ms_actscr/exp_0/logs/exp1_active.20251119T044908Z.csv;/home/hanan808/CarbonTracking/experiments/microbenchmark/exp1_active/intel/idles/2s_idle/1500ms_ex/150ms_actscr/exp_1/logs/exp1_active.20251119T211545Z.csv
compute,500.0,2000.0,375.0,0.75,20,1.9102207000000004,0.776252653065296,/home/hanan808/CarbonTracking/experiments/microbenchmark/exp1_active/intel/idles/2s_idle,/home/hanan808/CarbonTracking/experiments/microbenchmark/exp1_active/intel/idles/2s_idle/500ms_ex/375ms_actscr/exp_0/logs/exp1_active.20251119T042805Z.csv;/home/hanan808/CarbonTracking/experiments/microbenchmark/exp1_active/intel/idles/2s_idle/500ms_ex/375ms_actscr/exp_1/logs/exp1_active.20251119T205436Z.csv
compute,500.0,2000.0,500.0,1.0,20,1.6557263,0.8486726869324884,/home/hanan808/CarbonTracking/experiments/microbenchmark/exp1_active/intel/idles/2s_idle,/home/hanan808/CarbonTracking/experiments/microbenchmark/exp1_active/intel/idles/2s_idle/500ms_ex/500ms_actscr/exp_0/logs/exp1_active.20251119T042634Z.csv;/home/hanan808/CarbonTracking/experiments/microbenchmark/exp1_active/intel/idles/2s_idle/500ms_ex/500ms_actscr/exp_1/logs/exp1_active.20251119T205304Z.csv
compute,500.0,2000.0,50.0,0.1,20,1.9576993000000003,0.13595289469448626,/home/hanan808/CarbonTracking/experiments/microbenchmark/exp1_active/intel/idles/2s_idle,/home/hanan808/CarbonTracking/experiments/microbenchmark/exp1_active/intel/idles/2s_idle/500ms_ex/50ms_actscr/exp_0/logs/exp1_active.20251119T043239Z.csv;/home/hanan808/CarbonTracking/experiments/microbenchmark/exp1_active/intel/idles/2s_idle/500ms_ex/50ms_actscr/exp_1/logs/exp1_active.20251119T205909Z.csv
compute,500.0,2000.0,250.0,0.5,20,2.07517465,0.9356589512009852,/home/hanan808/CarbonTracking/experiments/microbenchmark/exp1_active/intel/idles/2s_idle,/home/hanan808/CarbonTracking/experiments/microbenchmark/exp1_active/intel/idles/2s_idle/500ms_ex/250ms_actscr/exp_0/logs/exp1_active.20251119T042937Z.csv;/home/hanan808/CarbonTracking/experiments/microbenchmark/exp1_active/intel/idles/2s_idle/500ms_ex/250ms_actscr/exp_1/logs/exp1_active.20251119T205607Z.csv
compute,500.0,2000.0,125.0,0.25,20,1.8000595999999995,0.27713464534778026,/home/hanan808/CarbonTracking/experiments/microbenchmark/exp1_active/intel/idles/2s_idle,/home/hanan808/CarbonTracking/experiments/microbenchmark/exp1_active/intel/idles/2s_idle/500ms_ex/125ms_actscr/exp_0/logs/exp1_active.20251119T043108Z.csv;/home/hanan808/CarbonTracking/experiments/microbenchmark/exp1_active/intel/idles/2s_idle/500ms_ex/125ms_actscr/exp_1/logs/exp1_active.20251119T205738Z.csv
compute,1000.0,2000.0,100.0,0.1,20,4.085475699999999,0.44518924824506967,/home/hanan808/CarbonTracking/experiments/microbenchmark/exp1_active/intel/idles/2s_idle,/home/hanan808/CarbonTracking/experiments/microbenchmark/exp1_active/intel/idles/2s_idle/1000ms_ex/100ms_actscr/exp_0/logs/exp1_active.20251119T044041Z.csv;/home/hanan808/CarbonTracking/experiments/microbenchmark/exp1_active/intel/idles/2s_idle/1000ms_ex/100ms_actscr/exp_1/logs/exp1_active.20251119T210718Z.csv
compute,1000.0,2000.0,500.0,0.5,20,5.32642185,1.7344480038891135,/home/hanan808/CarbonTracking/experiments/microbenchmark/exp1_active/intel/idles/2s_idle,/home/hanan808/CarbonTracking/experiments/microbenchmark/exp1_active/intel/idles/2s_idle/1000ms_ex/500ms_actscr/exp_0/logs/exp1_active.20251119T043728Z.csv;/home/hanan808/CarbonTracking/experiments/microbenchmark/exp1_active/intel/idles/2s_idle/1000ms_ex/500ms_actscr/exp_1/logs/exp1_active.20251119T210401Z.csv
compute,1000.0,2000.0,250.0,0.25,20,5.3782628,1.5430658184177226,/home/hanan808/CarbonTracking/experiments/microbenchmark/exp1_active/intel/idles/2s_idle,/home/hanan808/CarbonTracking/experiments/microbenchmark/exp1_active/intel/idles/2s_idle/1000ms_ex/250ms_actscr/exp_0/logs/exp1_active.20251119T043904Z.csv;/home/hanan808/CarbonTracking/experiments/microbenchmark/exp1_active/intel/idles/2s_idle/1000ms_ex/250ms_actscr/exp_1/logs/exp1_active.20251119T210542Z.csv
compute,1000.0,2000.0,750.0,0.75,20,4.3955772500000005,2.355298688579432,/home/hanan808/CarbonTracking/experiments/microbenchmark/exp1_active/intel/idles/2s_idle,/home/hanan808/CarbonTracking/experiments/microbenchmark/exp1_active/intel/idles/2s_idle/1000ms_ex/750ms_actscr/exp_0/logs/exp1_active.20251119T043552Z.csv;/home/hanan808/CarbonTracking/experiments/microbenchmark/exp1_active/intel/idles/2s_idle/1000ms_ex/750ms_actscr/exp_1/logs/exp1_active.20251119T210222Z.csv
compute,1000.0,2000.0,1000.0,1.0,20,3.2056868500000006,1.498702460424626,/home/hanan808/CarbonTracking/experiments/microbenchmark/exp1_active/intel/idles/2s_idle,/home/hanan808/CarbonTracking/experiments/microbenchmark/exp1_active/intel/idles/2s_idle/1000ms_ex/1000ms_actscr/exp_0/logs/exp1_active.20251119T043415Z.csv;/home/hanan808/CarbonTracking/experiments/microbenchmark/exp1_active/intel/idles/2s_idle/1000ms_ex/1000ms_actscr/exp_1/logs/exp1_active.20251119T210046Z.csv
compute,2000.0,2000.0,500.0,0.25,20,10.6998469,3.1431680858807396,/home/hanan808/CarbonTracking/experiments/microbenchmark/exp1_active/intel/idles/2s_idle,/home/hanan808/CarbonTracking/experiments/microbenchmark/exp1_active/intel/idles/2s_idle/2000ms_ex/500ms_actscr/exp_0/logs/exp1_active.20251119T045613Z.csv;/home/hanan808/CarbonTracking/experiments/microbenchmark/exp1_active/intel/idles/2s_idle/2000ms_ex/500ms_actscr/exp_1/logs/exp1_active.20251119T212253Z.csv
compute,2000.0,2000.0,200.0,0.1,20,9.494819549999999,2.4419891273083603,/home/hanan808/CarbonTracking/experiments/microbenchmark/exp1_active/intel/idles/2s_idle,/home/hanan808/CarbonTracking/experiments/microbenchmark/exp1_active/intel/idles/2s_idle/2000ms_ex/200ms_actscr/exp_0/logs/exp1_active.20251119T045759Z.csv;/home/hanan808/CarbonTracking/experiments/microbenchmark/exp1_active/intel/idles/2s_idle/2000ms_ex/200ms_actscr/exp_1/logs/exp1_active.20251119T212443Z.csv
compute,2000.0,2000.0,2000.0,1.0,20,7.40395095,6.1108653272077795,/home/hanan808/CarbonTracking/experiments/microbenchmark/exp1_active/intel/idles/2s_idle,/home/hanan808/CarbonTracking/experiments/microbenchmark/exp1_active/intel/idles/2s_idle/2000ms_ex/2000ms_actscr/exp_0/logs/exp1_active.20251119T045054Z.csv;/home/hanan808/CarbonTracking/experiments/microbenchmark/exp1_active/intel/idles/2s_idle/2000ms_ex/2000ms_actscr/exp_1/logs/exp1_active.20251119T211731Z.csv
compute,2000.0,2000.0,1500.0,0.75,20,8.564016299999997,3.307486887538183,/home/hanan808/CarbonTracking/experiments/microbenchmark/exp1_active/intel/idles/2s_idle,/home/hanan808/CarbonTracking/experiments/microbenchmark/exp1_active/intel/idles/2s_idle/2000ms_ex/1500ms_actscr/exp_0/logs/exp1_active.20251119T045241Z.csv;/home/hanan808/CarbonTracking/experiments/microbenchmark/exp1_active/intel/idles/2s_idle/2000ms_ex/1500ms_actscr/exp_1/logs/exp1_active.20251119T211917Z.csv
compute,2000.0,2000.0,1000.0,0.5,20,11.153704899999997,5.0190065136106865,/home/hanan808/CarbonTracking/experiments/microbenchmark/exp1_active/intel/idles/2s_idle,/home/hanan808/CarbonTracking/experiments/microbenchmark/exp1_active/intel/idles/2s_idle/2000ms_ex/1000ms_actscr/exp_0/logs/exp1_active.20251119T045427Z.csv;/home/hanan808/CarbonTracking/experiments/microbenchmark/exp1_active/intel/idles/2s_idle/2000ms_ex/1000ms_actscr/exp_1/logs/exp1_active.20251119T212103Z.csv
sleep,250.0,1000.0,25.0,0.1,20,0.009395000000000018,0.024686803804867125,/home/hanan808/CarbonTracking/experiments/microbenchmark/exp3_sleep/intel/idles/1s_idle,/home/hanan808/CarbonTracking/experiments/microbenchmark/exp3_sleep/intel/idles/1s_idle/250ms_ex/25ms_actscr/exp_0/logs/exp3_sleep.20251119T114319Z.csv;/home/hanan808/CarbonTracking/experiments/microbenchmark/exp3_sleep/intel/idles/1s_idle/250ms_ex/25ms_actscr/exp_1/logs/exp3_sleep.20251119T021050Z.csv
sleep,250.0,1000.0,250.0,1.0,20,0.04364165000000001,0.05084937176531781,/home/hanan808/CarbonTracking/experiments/microbenchmark/exp3_sleep/intel/idles/1s_idle,/home/hanan808/CarbonTracking/experiments/microbenchmark/exp3_sleep/intel/idles/1s_idle/250ms_ex/250ms_actscr/exp_0/logs/exp3_sleep.20251119T113854Z.csv;/home/hanan808/CarbonTracking/experiments/microbenchmark/exp3_sleep/intel/idles/1s_idle/250ms_ex/250ms_actscr/exp_1/logs/exp3_sleep.20251119T020624Z.csv
sleep,250.0,1000.0,187.0,0.75,20,0.030396949999999978,0.03620233774008937,/home/hanan808/CarbonTracking/experiments/microbenchmark/exp3_sleep/intel/idles/1s_idle,/home/hanan808/CarbonTracking/experiments/microbenchmark/exp3_sleep/intel/idles/1s_idle/250ms_ex/187ms_actscr/exp_0/logs/exp3_sleep.20251119T114000Z.csv;/home/hanan808/CarbonTracking/experiments/microbenchmark/exp3_sleep/intel/idles/1s_idle/250ms_ex/187ms_actscr/exp_1/logs/exp3_sleep.20251119T020731Z.csv
sleep,250.0,1000.0,125.0,0.5,20,0.03177854999999997,0.03561778604500144,/home/hanan808/CarbonTracking/experiments/microbenchmark/exp3_sleep/intel/idles/1s_idle,/home/hanan808/CarbonTracking/experiments/microbenchmark/exp3_sleep/intel/idles/1s_idle/250ms_ex/125ms_actscr/exp_0/logs/exp3_sleep.20251119T114107Z.csv;/home/hanan808/CarbonTracking/experiments/microbenchmark/exp3_sleep/intel/idles/1s_idle/250ms_ex/125ms_actscr/exp_1/logs/exp3_sleep.20251119T020838Z.csv
sleep,250.0,1000.0,62.0,0.25,20,0.020526100000000002,0.024965066592941426,/home/hanan808/CarbonTracking/experiments/microbenchmark/exp3_sleep/intel/idles/1s_idle,/home/hanan808/CarbonTracking/experiments/microbenchmark/exp3_sleep/intel/idles/1s_idle/250ms_ex/62ms_actscr/exp_0/logs/exp3_sleep.20251119T114214Z.csv;/home/hanan808/CarbonTracking/experiments/microbenchmark/exp3_sleep/intel/idles/1s_idle/250ms_ex/62ms_actscr/exp_1/logs/exp3_sleep.20251119T020944Z.csv
sleep,1500.0,1000.0,375.0,0.25,20,0.04432029999999999,0.06942677110891736,/home/hanan808/CarbonTracking/experiments/microbenchmark/exp3_sleep/intel/idles/1s_idle,/home/hanan808/CarbonTracking/experiments/microbenchmark/exp3_sleep/intel/idles/1s_idle/1500ms_ex/375ms_actscr/exp_0/logs/exp3_sleep.20251119T120033Z.csv;/home/hanan808/CarbonTracking/experiments/microbenchmark/exp3_sleep/intel/idles/1s_idle/1500ms_ex/375ms_actscr/exp_1/logs/exp3_sleep.20251119T022804Z.csv
sleep,1500.0,1000.0,1125.0,0.75,20,0.0651492,0.09430043016476644,/home/hanan808/CarbonTracking/experiments/microbenchmark/exp3_sleep/intel/idles/1s_idle,/home/hanan808/CarbonTracking/experiments/microbenchmark/exp3_sleep/intel/idles/1s_idle/1500ms_ex/1125ms_actscr/exp_0/logs/exp3_sleep.20251119T115755Z.csv;/home/hanan808/CarbonTracking/experiments/microbenchmark/exp3_sleep/intel/idles/1s_idle/1500ms_ex/1125ms_actscr/exp_1/logs/exp3_sleep.20251119T022526Z.csv
sleep,1500.0,1000.0,1500.0,1.0,20,0.08064564999999999,0.0755882228513642,/home/hanan808/CarbonTracking/experiments/microbenchmark/exp3_sleep/intel/idles/1s_idle,/home/hanan808/CarbonTracking/experiments/microbenchmark/exp3_sleep/intel/idles/1s_idle/1500ms_ex/1500ms_actscr/exp_0/logs/exp3_sleep.20251119T115635Z.csv;/home/hanan808/CarbonTracking/experiments/microbenchmark/exp3_sleep/intel/idles/1s_idle/1500ms_ex/1500ms_actscr/exp_1/logs/exp3_sleep.20251119T022406Z.csv
sleep,1500.0,1000.0,750.0,0.5,20,0.10389575000000004,0.10214148495928331,/home/hanan808/CarbonTracking/experiments/microbenchmark/exp3_sleep/intel/idles/1s_idle,/home/hanan808/CarbonTracking/experiments/microbenchmark/exp3_sleep/intel/idles/1s_idle/1500ms_ex/750ms_actscr/exp_0/logs/exp3_sleep.20251119T115914Z.csv;/home/hanan808/CarbonTracking/experiments/microbenchmark/exp3_sleep/intel/idles/1s_idle/1500ms_ex/750ms_actscr/exp_1/logs/exp3_sleep.20251119T022645Z.csv
sleep,1500.0,1000.0,150.0,0.1,20,0.028707049999999994,0.028875484647837523,/home/hanan808/CarbonTracking/experiments/microbenchmark/exp3_sleep/intel/idles/1s_idle,/home/hanan808/CarbonTracking/experiments/microbenchmark/exp3_sleep/intel/idles/1s_idle/1500ms_ex/150ms_actscr/exp_0/logs/exp3_sleep.20251119T120152Z.csv;/home/hanan808/CarbonTracking/experiments/microbenchmark/exp3_sleep/intel/idles/1s_idle/1500ms_ex/150ms_actscr/exp_1/logs/exp3_sleep.20251119T022923Z.csv
sleep,500.0,1000.0,375.0,0.75,20,0.033701599999999984,0.04809223635411438,/home/hanan808/CarbonTracking/experiments/microbenchmark/exp3_sleep/intel/idles/1s_idle,/home/hanan808/CarbonTracking/experiments/microbenchmark/exp3_sleep/intel/idles/1s_idle/500ms_ex/375ms_actscr/exp_0/logs/exp3_sleep.20251119T114538Z.csv;/home/hanan808/CarbonTracking/experiments/microbenchmark/exp3_sleep/intel/idles/1s_idle/500ms_ex/375ms_actscr/exp_1/logs/exp3_sleep.20251119T021309Z.csv
sleep,500.0,1000.0,500.0,1.0,20,0.07513005000000002,0.07492076540951446,/home/hanan808/CarbonTracking/experiments/microbenchmark/exp3_sleep/intel/idles/1s_idle,/home/hanan808/CarbonTracking/experiments/microbenchmark/exp3_sleep/intel/idles/1s_idle/500ms_ex/500ms_actscr/exp_0/logs/exp3_sleep.20251119T114428Z.csv;/home/hanan808/CarbonTracking/experiments/microbenchmark/exp3_sleep/intel/idles/1s_idle/500ms_ex/500ms_actscr/exp_1/logs/exp3_sleep.20251119T021159Z.csv
sleep,500.0,1000.0,50.0,0.1,20,0.03136670000000001,0.024734464261632998,/home/hanan808/CarbonTracking/experiments/microbenchmark/exp3_sleep/intel/idles/1s_idle,/home/hanan808/CarbonTracking/experiments/microbenchmark/exp3_sleep/intel/idles/1s_idle/500ms_ex/50ms_actscr/exp_0/logs/exp3_sleep.20251119T114905Z.csv;/home/hanan808/CarbonTracking/experiments/microbenchmark/exp3_sleep/intel/idles/1s_idle/500ms_ex/50ms_actscr/exp_1/logs/exp3_sleep.20251119T021636Z.csv
sleep,500.0,1000.0,250.0,0.5,20,0.018063999999999997,0.029209154520458126,/home/hanan808/CarbonTracking/experiments/microbenchmark/exp3_sleep/intel/idles/1s_idle,/home/hanan808/CarbonTracking/experiments/microbenchmark/exp3_sleep/intel/idles/1s_idle/500ms_ex/250ms_actscr/exp_0/logs/exp3_sleep.20251119T114647Z.csv;/home/hanan808/CarbonTracking/experiments/microbenchmark/exp3_sleep/intel/idles/1s_idle/500ms_ex/250ms_actscr/exp_1/logs/exp3_sleep.20251119T021418Z.csv
sleep,500.0,1000.0,125.0,0.25,20,0.02388040000000001,0.03107998426544003,/home/hanan808/CarbonTracking/experiments/microbenchmark/exp3_sleep/intel/idles/1s_idle,/home/hanan808/CarbonTracking/experiments/microbenchmark/exp3_sleep/intel/idles/1s_idle/500ms_ex/125ms_actscr/exp_0/logs/exp3_sleep.20251119T114756Z.csv;/home/hanan808/CarbonTracking/experiments/microbenchmark/exp3_sleep/intel/idles/1s_idle/500ms_ex/125ms_actscr/exp_1/logs/exp3_sleep.20251119T021527Z.csv
sleep,1000.0,1000.0,100.0,0.1,20,0.022094699999999984,0.019654663347663866,/home/hanan808/CarbonTracking/experiments/microbenchmark/exp3_sleep/intel/idles/1s_idle,/home/hanan808/CarbonTracking/experiments/microbenchmark/exp3_sleep/intel/idles/1s_idle/1000ms_ex/100ms_actscr/exp_0/logs/exp3_sleep.20251119T115516Z.csv;/home/hanan808/CarbonTracking/experiments/microbenchmark/exp3_sleep/intel/idles/1s_idle/1000ms_ex/100ms_actscr/exp_1/logs/exp3_sleep.20251119T022247Z.csv
sleep,1000.0,1000.0,500.0,0.5,20,0.037364949999999994,0.0547689332199149,/home/hanan808/CarbonTracking/experiments/microbenchmark/exp3_sleep/intel/idles/1s_idle,/home/hanan808/CarbonTracking/experiments/microbenchmark/exp3_sleep/intel/idles/1s_idle/1000ms_ex/500ms_actscr/exp_0/logs/exp3_sleep.20251119T115248Z.csv;/home/hanan808/CarbonTracking/experiments/microbenchmark/exp3_sleep/intel/idles/1s_idle/1000ms_ex/500ms_actscr/exp_1/logs/exp3_sleep.20251119T022019Z.csv
sleep,1000.0,1000.0,250.0,0.25,20,0.038293200000000006,0.05766705238747687,/home/hanan808/CarbonTracking/experiments/microbenchmark/exp3_sleep/intel/idles/1s_idle,/home/hanan808/CarbonTracking/experiments/microbenchmark/exp3_sleep/intel/idles/1s_idle/1000ms_ex/250ms_actscr/exp_0/logs/exp3_sleep.20251119T115402Z.csv;/home/hanan808/CarbonTracking/experiments/microbenchmark/exp3_sleep/intel/idles/1s_idle/1000ms_ex/250ms_actscr/exp_1/logs/exp3_sleep.20251119T022133Z.csv
sleep,1000.0,1000.0,750.0,0.75,20,0.07515915000000001,0.09206416897483786,/home/hanan808/CarbonTracking/experiments/microbenchmark/exp3_sleep/intel/idles/1s_idle,/home/hanan808/CarbonTracking/experiments/microbenchmark/exp3_sleep/intel/idles/1s_idle/1000ms_ex/750ms_actscr/exp_0/logs/exp3_sleep.20251119T115134Z.csv;/home/hanan808/CarbonTracking/experiments/microbenchmark/exp3_sleep/intel/idles/1s_idle/1000ms_ex/750ms_actscr/exp_1/logs/exp3_sleep.20251119T021905Z.csv
sleep,1000.0,1000.0,1000.0,1.0,20,0.10660449999999999,0.13623375711603203,/home/hanan808/CarbonTracking/experiments/microbenchmark/exp3_sleep/intel/idles/1s_idle,/home/hanan808/CarbonTracking/experiments/microbenchmark/exp3_sleep/intel/idles/1s_idle/1000ms_ex/1000ms_actscr/exp_0/logs/exp3_sleep.20251119T115019Z.csv;/home/hanan808/CarbonTracking/experiments/microbenchmark/exp3_sleep/intel/idles/1s_idle/1000ms_ex/1000ms_actscr/exp_1/logs/exp3_sleep.20251119T021750Z.csv
sleep,2000.0,1000.0,500.0,0.25,20,0.043254500000000015,0.044113170040816586,/home/hanan808/CarbonTracking/experiments/microbenchmark/exp3_sleep/intel/idles/1s_idle,/home/hanan808/CarbonTracking/experiments/microbenchmark/exp3_sleep/intel/idles/1s_idle/2000ms_ex/500ms_actscr/exp_0/logs/exp3_sleep.20251119T120729Z.csv;/home/hanan808/CarbonTracking/experiments/microbenchmark/exp3_sleep/intel/idles/1s_idle/2000ms_ex/500ms_actscr/exp_1/logs/exp3_sleep.20251119T023500Z.csv
sleep,2000.0,1000.0,200.0,0.1,20,0.05451624999999999,0.05664787095017343,/home/hanan808/CarbonTracking/experiments/microbenchmark/exp3_sleep/intel/idles/1s_idle,/home/hanan808/CarbonTracking/experiments/microbenchmark/exp3_sleep/intel/idles/1s_idle/2000ms_ex/200ms_actscr/exp_0/logs/exp3_sleep.20251119T120854Z.csv;/home/hanan808/CarbonTracking/experiments/microbenchmark/exp3_sleep/intel/idles/1s_idle/2000ms_ex/200ms_actscr/exp_1/logs/exp3_sleep.20251119T023625Z.csv
sleep,2000.0,1000.0,2000.0,1.0,20,0.09391479999999999,0.1022930252371099,/home/hanan808/CarbonTracking/experiments/microbenchmark/exp3_sleep/intel/idles/1s_idle,/home/hanan808/CarbonTracking/experiments/microbenchmark/exp3_sleep/intel/idles/1s_idle/2000ms_ex/2000ms_actscr/exp_0/logs/exp3_sleep.20251119T120317Z.csv;/home/hanan808/CarbonTracking/experiments/microbenchmark/exp3_sleep/intel/idles/1s_idle/2000ms_ex/2000ms_actscr/exp_1/logs/exp3_sleep.20251119T023048Z.csv
sleep,2000.0,1000.0,1500.0,0.75,20,0.0588523,0.08410538146640795,/home/hanan808/CarbonTracking/experiments/microbenchmark/exp3_sleep/intel/idles/1s_idle,/home/hanan808/CarbonTracking/experiments/microbenchmark/exp3_sleep/intel/idles/1s_idle/2000ms_ex/1500ms_actscr/exp_0/logs/exp3_sleep.20251119T120441Z.csv;/home/hanan808/CarbonTracking/experiments/microbenchmark/exp3_sleep/intel/idles/1s_idle/2000ms_ex/1500ms_actscr/exp_1/logs/exp3_sleep.20251119T023212Z.csv
sleep,2000.0,1000.0,1000.0,0.5,20,0.04719275000000001,0.046170040012842715,/home/hanan808/CarbonTracking/experiments/microbenchmark/exp3_sleep/intel/idles/1s_idle,/home/hanan808/CarbonTracking/experiments/microbenchmark/exp3_sleep/intel/idles/1s_idle/2000ms_ex/1000ms_actscr/exp_0/logs/exp3_sleep.20251119T120605Z.csv;/home/hanan808/CarbonTracking/experiments/microbenchmark/exp3_sleep/intel/idles/1s_idle/2000ms_ex/1000ms_actscr/exp_1/logs/exp3_sleep.20251119T023336Z.csv
sleep,250.0,2000.0,25.0,0.1,20,0.015511500000000011,0.02620300835686621,/home/hanan808/CarbonTracking/experiments/microbenchmark/exp3_sleep/intel/idles/2s_idle,/home/hanan808/CarbonTracking/experiments/microbenchmark/exp3_sleep/intel/idles/2s_idle/250ms_ex/25ms_actscr/exp_0/logs/exp3_sleep.20251119T190058Z.csv;/home/hanan808/CarbonTracking/experiments/microbenchmark/exp3_sleep/intel/idles/2s_idle/250ms_ex/25ms_actscr/exp_1/logs/exp3_sleep.20251119T031600Z.csv
sleep,250.0,2000.0,250.0,1.0,20,0.06114925,0.06154686026262834,/home/hanan808/CarbonTracking/experiments/microbenchmark/exp3_sleep/intel/idles/2s_idle,/home/hanan808/CarbonTracking/experiments/microbenchmark/exp3_sleep/intel/idles/2s_idle/250ms_ex/250ms_actscr/exp_0/logs/exp3_sleep.20251119T185445Z.csv;/home/hanan808/CarbonTracking/experiments/microbenchmark/exp3_sleep/intel/idles/2s_idle/250ms_ex/250ms_actscr/exp_1/logs/exp3_sleep.20251119T031005Z.csv
sleep,250.0,2000.0,187.0,0.75,20,0.03261115000000005,0.035927638655045245,/home/hanan808/CarbonTracking/experiments/microbenchmark/exp3_sleep/intel/idles/2s_idle,/home/hanan808/CarbonTracking/experiments/microbenchmark/exp3_sleep/intel/idles/2s_idle/250ms_ex/187ms_actscr/exp_0/logs/exp3_sleep.20251119T185619Z.csv;/home/hanan808/CarbonTracking/experiments/microbenchmark/exp3_sleep/intel/idles/2s_idle/250ms_ex/187ms_actscr/exp_1/logs/exp3_sleep.20251119T031133Z.csv
sleep,250.0,2000.0,125.0,0.5,20,0.027186699999999963,0.02779372124077664,/home/hanan808/CarbonTracking/experiments/microbenchmark/exp3_sleep/intel/idles/2s_idle,/home/hanan808/CarbonTracking/experiments/microbenchmark/exp3_sleep/intel/idles/2s_idle/250ms_ex/125ms_actscr/exp_0/logs/exp3_sleep.20251119T185753Z.csv;/home/hanan808/CarbonTracking/experiments/microbenchmark/exp3_sleep/intel/idles/2s_idle/250ms_ex/125ms_actscr/exp_1/logs/exp3_sleep.20251119T031303Z.csv
sleep,250.0,2000.0,62.0,0.25,20,0.02434254999999999,0.029925915450450292,/home/hanan808/CarbonTracking/experiments/microbenchmark/exp3_sleep/intel/idles/2s_idle,/home/hanan808/CarbonTracking/experiments/microbenchmark/exp3_sleep/intel/idles/2s_idle/250ms_ex/62ms_actscr/exp_0/logs/exp3_sleep.20251119T185925Z.csv;/home/hanan808/CarbonTracking/experiments/microbenchmark/exp3_sleep/intel/idles/2s_idle/250ms_ex/62ms_actscr/exp_1/logs/exp3_sleep.20251119T031431Z.csv
sleep,1500.0,2000.0,375.0,0.25,20,0.0587137,0.08943908795940397,/home/hanan808/CarbonTracking/experiments/microbenchmark/exp3_sleep/intel/idles/2s_idle,/home/hanan808/CarbonTracking/experiments/microbenchmark/exp3_sleep/intel/idles/2s_idle/1500ms_ex/375ms_actscr/exp_0/logs/exp3_sleep.20251119T192338Z.csv;/home/hanan808/CarbonTracking/experiments/microbenchmark/exp3_sleep/intel/idles/2s_idle/1500ms_ex/375ms_actscr/exp_1/logs/exp3_sleep.20251119T033823Z.csv
sleep,1500.0,2000.0,1125.0,0.75,20,0.02821730000000001,0.04687663502865794,/home/hanan808/CarbonTracking/experiments/microbenchmark/exp3_sleep/intel/idles/2s_idle,/home/hanan808/CarbonTracking/experiments/microbenchmark/exp3_sleep/intel/idles/2s_idle/1500ms_ex/1125ms_actscr/exp_0/logs/exp3_sleep.20251119T192015Z.csv;/home/hanan808/CarbonTracking/experiments/microbenchmark/exp3_sleep/intel/idles/2s_idle/1500ms_ex/1125ms_actscr/exp_1/logs/exp3_sleep.20251119T033500Z.csv
sleep,1500.0,2000.0,1500.0,1.0,20,0.09829935000000002,0.11954067584352827,/home/hanan808/CarbonTracking/experiments/microbenchmark/exp3_sleep/intel/idles/2s_idle,/home/hanan808/CarbonTracking/experiments/microbenchmark/exp3_sleep/intel/idles/2s_idle/1500ms_ex/1500ms_actscr/exp_0/logs/exp3_sleep.20251119T191834Z.csv;/home/hanan808/CarbonTracking/experiments/microbenchmark/exp3_sleep/intel/idles/2s_idle/1500ms_ex/1500ms_actscr/exp_1/logs/exp3_sleep.20251119T033319Z.csv
sleep,1500.0,2000.0,750.0,0.5,20,0.05087295000000001,0.08405242584153952,/home/hanan808/CarbonTracking/experiments/microbenchmark/exp3_sleep/intel/idles/2s_idle,/home/hanan808/CarbonTracking/experiments/microbenchmark/exp3_sleep/intel/idles/2s_idle/1500ms_ex/750ms_actscr/exp_0/logs/exp3_sleep.20251119T192156Z.csv;/home/hanan808/CarbonTracking/experiments/microbenchmark/exp3_sleep/intel/idles/2s_idle/1500ms_ex/750ms_actscr/exp_1/logs/exp3_sleep.20251119T033641Z.csv
sleep,1500.0,2000.0,150.0,0.1,20,0.037149800000000024,0.036236895746738586,/home/hanan808/CarbonTracking/experiments/microbenchmark/exp3_sleep/intel/idles/2s_idle,/home/hanan808/CarbonTracking/experiments/microbenchmark/exp3_sleep/intel/idles/2s_idle/1500ms_ex/150ms_actscr/exp_0/logs/exp3_sleep.20251119T192519Z.csv;/home/hanan808/CarbonTracking/experiments/microbenchmark/exp3_sleep/intel/idles/2s_idle/1500ms_ex/150ms_actscr/exp_1/logs/exp3_sleep.20251119T034004Z.csv
sleep,500.0,2000.0,375.0,0.75,20,0.017068050000000008,0.02337492895705782,/home/hanan808/CarbonTracking/experiments/microbenchmark/exp3_sleep/intel/idles/2s_idle,/home/hanan808/CarbonTracking/experiments/microbenchmark/exp3_sleep/intel/idles/2s_idle/500ms_ex/375ms_actscr/exp_0/logs/exp3_sleep.20251119T190409Z.csv;/home/hanan808/CarbonTracking/experiments/microbenchmark/exp3_sleep/intel/idles/2s_idle/500ms_ex/375ms_actscr/exp_1/logs/exp3_sleep.20251119T031902Z.csv
sleep,500.0,2000.0,500.0,1.0,20,0.02878810000000001,0.03797264164355701,/home/hanan808/CarbonTracking/experiments/microbenchmark/exp3_sleep/intel/idles/2s_idle,/home/hanan808/CarbonTracking/experiments/microbenchmark/exp3_sleep/intel/idles/2s_idle/500ms_ex/500ms_actscr/exp_0/logs/exp3_sleep.20251119T190233Z.csv;/home/hanan808/CarbonTracking/experiments/microbenchmark/exp3_sleep/intel/idles/2s_idle/500ms_ex/500ms_actscr/exp_1/logs/exp3_sleep.20251119T031731Z.csv
sleep,500.0,2000.0,50.0,0.1,20,0.019252700000000032,0.02052406865633618,/home/hanan808/CarbonTracking/experiments/microbenchmark/exp3_sleep/intel/idles/2s_idle,/home/hanan808/CarbonTracking/experiments/microbenchmark/exp3_sleep/intel/idles/2s_idle/500ms_ex/50ms_actscr/exp_0/logs/exp3_sleep.20251119T190851Z.csv;/home/hanan808/CarbonTracking/experiments/microbenchmark/exp3_sleep/intel/idles/2s_idle/500ms_ex/50ms_actscr/exp_1/logs/exp3_sleep.20251119T032336Z.csv
sleep,500.0,2000.0,250.0,0.5,20,0.02642225000000002,0.03507667644728475,/home/hanan808/CarbonTracking/experiments/microbenchmark/exp3_sleep/intel/idles/2s_idle,/home/hanan808/CarbonTracking/experiments/microbenchmark/exp3_sleep/intel/idles/2s_idle/500ms_ex/250ms_actscr/exp_0/logs/exp3_sleep.20251119T190544Z.csv;/home/hanan808/CarbonTracking/experiments/microbenchmark/exp3_sleep/intel/idles/2s_idle/500ms_ex/250ms_actscr/exp_1/logs/exp3_sleep.20251119T032034Z.csv
sleep,500.0,2000.0,125.0,0.25,20,0.029354300000000028,0.04452660920180202,/home/hanan808/CarbonTracking/experiments/microbenchmark/exp3_sleep/intel/idles/2s_idle,/home/hanan808/CarbonTracking/experiments/microbenchmark/exp3_sleep/intel/idles/2s_idle/500ms_ex/125ms_actscr/exp_0/logs/exp3_sleep.20251119T190720Z.csv;/home/hanan808/CarbonTracking/experiments/microbenchmark/exp3_sleep/intel/idles/2s_idle/500ms_ex/125ms_actscr/exp_1/logs/exp3_sleep.20251119T032205Z.csv
sleep,1000.0,2000.0,100.0,0.1,20,0.017389450000000008,0.022517518219099992,/home/hanan808/CarbonTracking/experiments/microbenchmark/exp3_sleep/intel/idles/2s_idle,/home/hanan808/CarbonTracking/experiments/microbenchmark/exp3_sleep/intel/idles/2s_idle/1000ms_ex/100ms_actscr/exp_0/logs/exp3_sleep.20251119T191652Z.csv;/home/hanan808/CarbonTracking/experiments/microbenchmark/exp3_sleep/intel/idles/2s_idle/1000ms_ex/100ms_actscr/exp_1/logs/exp3_sleep.20251119T033137Z.csv
sleep,1000.0,2000.0,500.0,0.5,20,0.03249404999999998,0.04069211771396886,/home/hanan808/CarbonTracking/experiments/microbenchmark/exp3_sleep/intel/idles/2s_idle,/home/hanan808/CarbonTracking/experiments/microbenchmark/exp3_sleep/intel/idles/2s_idle/1000ms_ex/500ms_actscr/exp_0/logs/exp3_sleep.20251119T191340Z.csv;/home/hanan808/CarbonTracking/experiments/microbenchmark/exp3_sleep/intel/idles/2s_idle/1000ms_ex/500ms_actscr/exp_1/logs/exp3_sleep.20251119T032825Z.csv
sleep,1000.0,2000.0,250.0,0.25,20,0.024180449999999996,0.03500041542678455,/home/hanan808/CarbonTracking/experiments/microbenchmark/exp3_sleep/intel/idles/2s_idle,/home/hanan808/CarbonTracking/experiments/microbenchmark/exp3_sleep/intel/idles/2s_idle/1000ms_ex/250ms_actscr/exp_0/logs/exp3_sleep.20251119T191516Z.csv;/home/hanan808/CarbonTracking/experiments/microbenchmark/exp3_sleep/intel/idles/2s_idle/1000ms_ex/250ms_actscr/exp_1/logs/exp3_sleep.20251119T033001Z.csv
sleep,1000.0,2000.0,750.0,0.75,20,0.03857305000000002,0.05543476594383258,/home/hanan808/CarbonTracking/experiments/microbenchmark/exp3_sleep/intel/idles/2s_idle,/home/hanan808/CarbonTracking/experiments/microbenchmark/exp3_sleep/intel/idles/2s_idle/1000ms_ex/750ms_actscr/exp_0/logs/exp3_sleep.20251119T191204Z.csv;/home/hanan808/CarbonTracking/experiments/microbenchmark/exp3_sleep/intel/idles/2s_idle/1000ms_ex/750ms_actscr/exp_1/logs/exp3_sleep.20251119T032649Z.csv
sleep,1000.0,2000.0,1000.0,1.0,20,0.08358114999999999,0.10497172330883921,/home/hanan808/CarbonTracking/experiments/microbenchmark/exp3_sleep/intel/idles/2s_idle,/home/hanan808/CarbonTracking/experiments/microbenchmark/exp3_sleep/intel/idles/2s_idle/1000ms_ex/1000ms_actscr/exp_0/logs/exp3_sleep.20251119T191027Z.csv;/home/hanan808/CarbonTracking/experiments/microbenchmark/exp3_sleep/intel/idles/2s_idle/1000ms_ex/1000ms_actscr/exp_1/logs/exp3_sleep.20251119T032512Z.csv
sleep,2000.0,2000.0,500.0,0.25,20,0.03878825000000002,0.04741609161547902,/home/hanan808/CarbonTracking/experiments/microbenchmark/exp3_sleep/intel/idles/2s_idle,/home/hanan808/CarbonTracking/experiments/microbenchmark/exp3_sleep/intel/idles/2s_idle/2000ms_ex/500ms_actscr/exp_0/logs/exp3_sleep.20251119T193224Z.csv;/home/hanan808/CarbonTracking/experiments/microbenchmark/exp3_sleep/intel/idles/2s_idle/2000ms_ex/500ms_actscr/exp_1/logs/exp3_sleep.20251119T034711Z.csv
sleep,2000.0,2000.0,200.0,0.1,20,0.02259005,0.034921310428554946,/home/hanan808/CarbonTracking/experiments/microbenchmark/exp3_sleep/intel/idles/2s_idle,/home/hanan808/CarbonTracking/experiments/microbenchmark/exp3_sleep/intel/idles/2s_idle/2000ms_ex/200ms_actscr/exp_0/logs/exp3_sleep.20251119T193411Z.csv;/home/hanan808/CarbonTracking/experiments/microbenchmark/exp3_sleep/intel/idles/2s_idle/2000ms_ex/200ms_actscr/exp_1/logs/exp3_sleep.20251119T034858Z.csv
sleep,2000.0,2000.0,2000.0,1.0,20,0.06948274999999997,0.08176772652512417,/home/hanan808/CarbonTracking/experiments/microbenchmark/exp3_sleep/intel/idles/2s_idle,/home/hanan808/CarbonTracking/experiments/microbenchmark/exp3_sleep/intel/idles/2s_idle/2000ms_ex/2000ms_actscr/exp_0/logs/exp3_sleep.20251119T192705Z.csv;/home/hanan808/CarbonTracking/experiments/microbenchmark/exp3_sleep/intel/idles/2s_idle/2000ms_ex/2000ms_actscr/exp_1/logs/exp3_sleep.20251119T034150Z.csv
sleep,2000.0,2000.0,1500.0,0.75,20,0.08071534999999999,0.10139966559130009,/home/hanan808/CarbonTracking/experiments/microbenchmark/exp3_sleep/intel/idles/2s_idle,/home/hanan808/CarbonTracking/experiments/microbenchmark/exp3_sleep/intel/idles/2s_idle/2000ms_ex/1500ms_actscr/exp_0/logs/exp3_sleep.20251119T192852Z.csv;/home/hanan808/CarbonTracking/experiments/microbenchmark/exp3_sleep/intel/idles/2s_idle/2000ms_ex/1500ms_actscr/exp_1/logs/exp3_sleep.20251119T034337Z.csv
sleep,2000.0,2000.0,1000.0,0.5,20,0.04171375000000001,0.05157875781935334,/home/hanan808/CarbonTracking/experiments/microbenchmark/exp3_sleep/intel/idles/2s_idle,/home/hanan808/CarbonTracking/experiments/microbenchmark/exp3_sleep/intel/idles/2s_idle/2000ms_ex/1000ms_actscr/exp_0/logs/exp3_sleep.20251119T193038Z.csv;/home/hanan808/CarbonTracking/experiments/microbenchmark/exp3_sleep/intel/idles/2s_idle/2000ms_ex/1000ms_actscr/exp_1/logs/exp3_sleep.20251119T034524Z.csv
sleep,250.0,2500.0,25.0,0.1,20,0.008968500000000035,0.01336440454154248,/home/hanan808/CarbonTracking/experiments/microbenchmark/exp3_sleep/intel/idles/2.5s_idle,/home/hanan808/CarbonTracking/experiments/microbenchmark/exp3_sleep/intel/idles/2.5s_idle/250ms_ex/25ms_actscr/exp_0/logs/exp3_sleep.20251119T063955Z.csv;/home/hanan808/CarbonTracking/experiments/microbenchmark/exp3_sleep/intel/idles/2.5s_idle/250ms_ex/25ms_actscr/exp_1/logs/exp3_sleep.20251119T064133Z.csv
sleep,250.0,2500.0,250.0,1.0,20,0.04923615,0.07005243546535339,/home/hanan808/CarbonTracking/experiments/microbenchmark/exp3_sleep/intel/idles/2.5s_idle,/home/hanan808/CarbonTracking/experiments/microbenchmark/exp3_sleep/intel/idles/2.5s_idle/250ms_ex/250ms_actscr/exp_0/logs/exp3_sleep.20251119T062640Z.csv;/home/hanan808/CarbonTracking/experiments/microbenchmark/exp3_sleep/intel/idles/2.5s_idle/250ms_ex/250ms_actscr/exp_1/logs/exp3_sleep.20251119T062819Z.csv
sleep,250.0,2500.0,187.0,0.75,20,0.021816299999999986,0.05118113689251144,/home/hanan808/CarbonTracking/experiments/microbenchmark/exp3_sleep/intel/idles/2.5s_idle,/home/hanan808/CarbonTracking/experiments/microbenchmark/exp3_sleep/intel/idles/2.5s_idle/250ms_ex/187ms_actscr/exp_0/logs/exp3_sleep.20251119T062958Z.csv;/home/hanan808/CarbonTracking/experiments/microbenchmark/exp3_sleep/intel/idles/2.5s_idle/250ms_ex/187ms_actscr/exp_1/logs/exp3_sleep.20251119T063138Z.csv
sleep,250.0,2500.0,125.0,0.5,20,0.022296299999999995,0.030623652829308255,/home/hanan808/CarbonTracking/experiments/microbenchmark/exp3_sleep/intel/idles/2.5s_idle,/home/hanan808/CarbonTracking/experiments/microbenchmark/exp3_sleep/intel/idles/2.5s_idle/250ms_ex/125ms_actscr/exp_0/logs/exp3_sleep.20251119T063317Z.csv;/home/hanan808/CarbonTracking/experiments/microbenchmark/exp3_sleep/intel/idles/2.5s_idle/250ms_ex/125ms_actscr/exp_1/logs/exp3_sleep.20251119T063456Z.csv
sleep,250.0,2500.0,62.0,0.25,20,0.027021900000000015,0.038741935782689044,/home/hanan808/CarbonTracking/experiments/microbenchmark/exp3_sleep/intel/idles/2.5s_idle,/home/hanan808/CarbonTracking/experiments/microbenchmark/exp3_sleep/intel/idles/2.5s_idle/250ms_ex/62ms_actscr/exp_0/logs/exp3_sleep.20251119T063636Z.csv;/home/hanan808/CarbonTracking/experiments/microbenchmark/exp3_sleep/intel/idles/2.5s_idle/250ms_ex/62ms_actscr/exp_1/logs/exp3_sleep.20251119T063816Z.csv
sleep,1500.0,2500.0,375.0,0.25,20,0.023900350000000008,0.03375937700739604,/home/hanan808/CarbonTracking/experiments/microbenchmark/exp3_sleep/intel/idles/2.5s_idle,/home/hanan808/CarbonTracking/experiments/microbenchmark/exp3_sleep/intel/idles/2.5s_idle/1500ms_ex/375ms_actscr/exp_0/logs/exp3_sleep.20251119T072925Z.csv;/home/hanan808/CarbonTracking/experiments/microbenchmark/exp3_sleep/intel/idles/2.5s_idle/1500ms_ex/375ms_actscr/exp_1/logs/exp3_sleep.20251119T073117Z.csv
sleep,1500.0,2500.0,1125.0,0.75,20,0.07105019999999998,0.1360726323088519,/home/hanan808/CarbonTracking/experiments/microbenchmark/exp3_sleep/intel/idles/2.5s_idle,/home/hanan808/CarbonTracking/experiments/microbenchmark/exp3_sleep/intel/idles/2.5s_idle/1500ms_ex/1125ms_actscr/exp_0/logs/exp3_sleep.20251119T072158Z.csv;/home/hanan808/CarbonTracking/experiments/microbenchmark/exp3_sleep/intel/idles/2.5s_idle/1500ms_ex/1125ms_actscr/exp_1/logs/exp3_sleep.20251119T072349Z.csv
sleep,1500.0,2500.0,1500.0,1.0,20,0.06592409999999999,0.08940398696920625,/home/hanan808/CarbonTracking/experiments/microbenchmark/exp3_sleep/intel/idles/2.5s_idle,/home/hanan808/CarbonTracking/experiments/microbenchmark/exp3_sleep/intel/idles/2.5s_idle/1500ms_ex/1500ms_actscr/exp_0/logs/exp3_sleep.20251119T071814Z.csv;/home/hanan808/CarbonTracking/experiments/microbenchmark/exp3_sleep/intel/idles/2.5s_idle/1500ms_ex/1500ms_actscr/exp_1/logs/exp3_sleep.20251119T072006Z.csv
sleep,1500.0,2500.0,750.0,0.5,20,0.07344194999999999,0.06983995986645108,/home/hanan808/CarbonTracking/experiments/microbenchmark/exp3_sleep/intel/idles/2.5s_idle,/home/hanan808/CarbonTracking/experiments/microbenchmark/exp3_sleep/intel/idles/2.5s_idle/1500ms_ex/750ms_actscr/exp_0/logs/exp3_sleep.20251119T072542Z.csv;/home/hanan808/CarbonTracking/experiments/microbenchmark/exp3_sleep/intel/idles/2.5s_idle/1500ms_ex/750ms_actscr/exp_1/logs/exp3_sleep.20251119T072733Z.csv
sleep,1500.0,2500.0,150.0,0.1,20,0.03295745000000002,0.03499041375644906,/home/hanan808/CarbonTracking/experiments/microbenchmark/exp3_sleep/intel/idles/2.5s_idle,/home/hanan808/CarbonTracking/experiments/microbenchmark/exp3_sleep/intel/idles/2.5s_idle/1500ms_ex/150ms_actscr/exp_0/logs/exp3_sleep.20251119T073310Z.csv;/home/hanan808/CarbonTracking/experiments/microbenchmark/exp3_sleep/intel/idles/2.5s_idle/1500ms_ex/150ms_actscr/exp_1/logs/exp3_sleep.20251119T073501Z.csv
sleep,500.0,2500.0,375.0,0.75,20,0.033669450000000004,0.05221298975779398,/home/hanan808/CarbonTracking/experiments/microbenchmark/exp3_sleep/intel/idles/2.5s_idle,/home/hanan808/CarbonTracking/experiments/microbenchmark/exp3_sleep/intel/idles/2.5s_idle/500ms_ex/375ms_actscr/exp_0/logs/exp3_sleep.20251119T064639Z.csv;/home/hanan808/CarbonTracking/experiments/microbenchmark/exp3_sleep/intel/idles/2.5s_idle/500ms_ex/375ms_actscr/exp_1/logs/exp3_sleep.20251119T064820Z.csv
sleep,500.0,2500.0,500.0,1.0,20,0.06821539999999998,0.07215494811404133,/home/hanan808/CarbonTracking/experiments/microbenchmark/exp3_sleep/intel/idles/2.5s_idle,/home/hanan808/CarbonTracking/experiments/microbenchmark/exp3_sleep/intel/idles/2.5s_idle/500ms_ex/500ms_actscr/exp_0/logs/exp3_sleep.20251119T064315Z.csv;/home/hanan808/CarbonTracking/experiments/microbenchmark/exp3_sleep/intel/idles/2.5s_idle/500ms_ex/500ms_actscr/exp_1/logs/exp3_sleep.20251119T064456Z.csv
sleep,500.0,2500.0,50.0,0.1,20,0.023021100000000023,0.026268660829779678,/home/hanan808/CarbonTracking/experiments/microbenchmark/exp3_sleep/intel/idles/2.5s_idle,/home/hanan808/CarbonTracking/experiments/microbenchmark/exp3_sleep/intel/idles/2.5s_idle/500ms_ex/50ms_actscr/exp_0/logs/exp3_sleep.20251119T065649Z.csv;/home/hanan808/CarbonTracking/experiments/microbenchmark/exp3_sleep/intel/idles/2.5s_idle/500ms_ex/50ms_actscr/exp_1/logs/exp3_sleep.20251119T065831Z.csv
sleep,500.0,2500.0,250.0,0.5,20,0.02879505,0.0500145712802529,/home/hanan808/CarbonTracking/experiments/microbenchmark/exp3_sleep/intel/idles/2.5s_idle,/home/hanan808/CarbonTracking/experiments/microbenchmark/exp3_sleep/intel/idles/2.5s_idle/500ms_ex/250ms_actscr/exp_0/logs/exp3_sleep.20251119T065002Z.csv;/home/hanan808/CarbonTracking/experiments/microbenchmark/exp3_sleep/intel/idles/2.5s_idle/500ms_ex/250ms_actscr/exp_1/logs/exp3_sleep.20251119T065144Z.csv
sleep,500.0,2500.0,125.0,0.25,20,0.020739650000000033,0.03196089174487316,/home/hanan808/CarbonTracking/experiments/microbenchmark/exp3_sleep/intel/idles/2.5s_idle,/home/hanan808/CarbonTracking/experiments/microbenchmark/exp3_sleep/intel/idles/2.5s_idle/500ms_ex/125ms_actscr/exp_0/logs/exp3_sleep.20251119T065326Z.csv;/home/hanan808/CarbonTracking/experiments/microbenchmark/exp3_sleep/intel/idles/2.5s_idle/500ms_ex/125ms_actscr/exp_1/logs/exp3_sleep.20251119T065507Z.csv
sleep,1000.0,2500.0,100.0,0.1,20,0.03242965000000001,0.03700375620160071,/home/hanan808/CarbonTracking/experiments/microbenchmark/exp3_sleep/intel/idles/2.5s_idle,/home/hanan808/CarbonTracking/experiments/microbenchmark/exp3_sleep/intel/idles/2.5s_idle/1000ms_ex/100ms_actscr/exp_0/logs/exp3_sleep.20251119T071436Z.csv;/home/hanan808/CarbonTracking/experiments/microbenchmark/exp3_sleep/intel/idles/2.5s_idle/1000ms_ex/100ms_actscr/exp_1/logs/exp3_sleep.20251119T071622Z.csv
sleep,1000.0,2500.0,500.0,0.5,20,0.031174249999999997,0.041139475842401074,/home/hanan808/CarbonTracking/experiments/microbenchmark/exp3_sleep/intel/idles/2.5s_idle,/home/hanan808/CarbonTracking/experiments/microbenchmark/exp3_sleep/intel/idles/2.5s_idle/1000ms_ex/500ms_actscr/exp_0/logs/exp3_sleep.20251119T070727Z.csv;/home/hanan808/CarbonTracking/experiments/microbenchmark/exp3_sleep/intel/idles/2.5s_idle/1000ms_ex/500ms_actscr/exp_1/logs/exp3_sleep.20251119T070914Z.csv
sleep,1000.0,2500.0,250.0,0.25,20,0.025888400000000006,0.04387411816823216,/home/hanan808/CarbonTracking/experiments/microbenchmark/exp3_sleep/intel/idles/2.5s_idle,/home/hanan808/CarbonTracking/experiments/microbenchmark/exp3_sleep/intel/idles/2.5s_idle/1000ms_ex/250ms_actscr/exp_0/logs/exp3_sleep.20251119T071101Z.csv;/home/hanan808/CarbonTracking/experiments/microbenchmark/exp3_sleep/intel/idles/2.5s_idle/1000ms_ex/250ms_actscr/exp_1/logs/exp3_sleep.20251119T071248Z.csv
sleep,1000.0,2500.0,750.0,0.75,20,0.019703600000000016,0.04567833232660754,/home/hanan808/CarbonTracking/experiments/microbenchmark/exp3_sleep/intel/idles/2.5s_idle,/home/hanan808/CarbonTracking/experiments/microbenchmark/exp3_sleep/intel/idles/2.5s_idle/1000ms_ex/750ms_actscr/exp_0/logs/exp3_sleep.20251119T070353Z.csv;/home/hanan808/CarbonTracking/experiments/microbenchmark/exp3_sleep/intel/idles/2.5s_idle/1000ms_ex/750ms_actscr/exp_1/logs/exp3_sleep.20251119T070540Z.csv
sleep,1000.0,2500.0,1000.0,1.0,20,0.11259394999999998,0.12076135558964012,/home/hanan808/CarbonTracking/experiments/microbenchmark/exp3_sleep/intel/idles/2.5s_idle,/home/hanan808/CarbonTracking/experiments/microbenchmark/exp3_sleep/intel/idles/2.5s_idle/1000ms_ex/1000ms_actscr/exp_0/logs/exp3_sleep.20251119T070018Z.csv;/home/hanan808/CarbonTracking/experiments/microbenchmark/exp3_sleep/intel/idles/2.5s_idle/1000ms_ex/1000ms_actscr/exp_1/logs/exp3_sleep.20251119T070205Z.csv
sleep,2000.0,2500.0,500.0,0.25,20,0.048308800000000006,0.06174024787332814,/home/hanan808/CarbonTracking/experiments/microbenchmark/exp3_sleep/intel/idles/2.5s_idle,/home/hanan808/CarbonTracking/experiments/microbenchmark/exp3_sleep/intel/idles/2.5s_idle/2000ms_ex/500ms_actscr/exp_0/logs/exp3_sleep.20251119T080044Z.csv;/home/hanan808/CarbonTracking/experiments/microbenchmark/exp3_sleep/intel/idles/2.5s_idle/2000ms_ex/500ms_actscr/exp_1/logs/exp3_sleep.20251119T080241Z.csv
sleep,2000.0,2500.0,200.0,0.1,20,0.030911800000000045,0.04205814133268374,/home/hanan808/CarbonTracking/experiments/microbenchmark/exp3_sleep/intel/idles/2.5s_idle,/home/hanan808/CarbonTracking/experiments/microbenchmark/exp3_sleep/intel/idles/2.5s_idle/2000ms_ex/200ms_actscr/exp_0/logs/exp3_sleep.20251119T080438Z.csv;/home/hanan808/CarbonTracking/experiments/microbenchmark/exp3_sleep/intel/idles/2.5s_idle/2000ms_ex/200ms_actscr/exp_1/logs/exp3_sleep.20251119T080635Z.csv
sleep,2000.0,2500.0,2000.0,1.0,20,0.1286336,0.11909284766576034,/home/hanan808/CarbonTracking/experiments/microbenchmark/exp3_sleep/intel/idles/2.5s_idle,/home/hanan808/CarbonTracking/experiments/microbenchmark/exp3_sleep/intel/idles/2.5s_idle/2000ms_ex/2000ms_actscr/exp_0/logs/exp3_sleep.20251119T073657Z.csv;/home/hanan808/CarbonTracking/experiments/microbenchmark/exp3_sleep/intel/idles/2.5s_idle/2000ms_ex/2000ms_actscr/exp_1/logs/exp3_sleep.20251119T073854Z.csv
sleep,2000.0,2500.0,1500.0,0.75,20,0.024281850000000018,0.05729978936896281,/home/hanan808/CarbonTracking/experiments/microbenchmark/exp3_sleep/intel/idles/2.5s_idle,/home/hanan808/CarbonTracking/experiments/microbenchmark/exp3_sleep/intel/idles/2.5s_idle/2000ms_ex/1500ms_actscr/exp_0/logs/exp3_sleep.20251119T074113Z.csv;/home/hanan808/CarbonTracking/experiments/microbenchmark/exp3_sleep/intel/idles/2.5s_idle/2000ms_ex/1500ms_actscr/exp_1/logs/exp3_sleep.20251119T074310Z.csv
sleep,2000.0,2500.0,1000.0,0.5,20,0.0520421,0.08398872446995491,/home/hanan808/CarbonTracking/experiments/microbenchmark/exp3_sleep/intel/idles/2.5s_idle,/home/hanan808/CarbonTracking/experiments/microbenchmark/exp3_sleep/intel/idles/2.5s_idle/2000ms_ex/1000ms_actscr/exp_0/logs/exp3_sleep.20251119T075649Z.csv;/home/hanan808/CarbonTracking/experiments/microbenchmark/exp3_sleep/intel/idles/2.5s_idle/2000ms_ex/1000ms_actscr/exp_1/logs/exp3_sleep.20251119T075846Z.csv
